enjoysatisfy,owl__kitty,omardogan1976,puuung1,unosakichan,dayo3.art,chanbanhi,etam,dric,ikeafrance
3242.596618357488,54555.157232704405,7699.17123037605,19289.648872180453,428.8181818181818,8407.687898089172,41167.07692307692,8841.258865248226,3572.6378066378065,3199.7168913560668
